<?xml version="1.0" encoding="UTF-8" standalone="yes"?>
<addon id="tools.btfs"
       name="btfs"
       version="9.80.2.3"
       provider-name="thoradia">
  <requires>
    <import addon="os.libreelec.tv" version="9.80"/>
    <import addon="xbmc.python" version="2.1.0"/>

  </requires>
  <extension point="xbmc.python.script" library="default.py">
    <provides></provides>
  </extension>
  <extension point="xbmc.addon.metadata">
    <summary>btfs: bittorrent filesystem based on FUSE</summary>
    <description>
btfs (2.20) is a bittorrent filesystem based on FUSE.
    </description>
    <disclaimer>
Keep it legal and carry on
    </disclaimer>
    <platform>all</platform>
    <news>
- btfs version 2.20
    </news>
    <assets>
      <icon>resources/icon.png</icon>
      <fanart>resources/fanart.png</fanart>

    </assets>
  </extension>
</addon>
